{"UCkA4XNelwhzopHkVvYTOgXQ": [50, 50, 100.0], "UCLc7azzf33Vi9uKI_j1PFsg": [49, 50, 98.0], "UCe7ijq60VgIkRsb9pTlYXdw": [41, 50, 82.0], "UCdFLpycxqV29IShcccYWCfQ": [1, 2, 50.0], "UCR9HQmcKvLOxTKHDraXVL_A": [1, 2, 50.0], "UCXPGTspMlpL_o0Ys51PuzSw": [14, 14, 100.0], "UC29S-0uvrXjW4mQ5SRVUhaQ": [7, 8, 87.5], "UClJWt3Qm1482-6hteliV26A": [1, 1, 100.0], "UC1HlxQObFheA6fW-xfXeY1g": [1, 1, 100.0], "UC7egxaEB13HNxjd_U08Xibg": [2, 4, 50.0], "UCZMFJ5xqrihVch2r-ujCDfA": [50, 50, 100.0], "UCrWKch4HUicyIPXxo-m13zA": [6, 9, 66.66666666666666], "UCbqM5sDbVD3EztlKzlN97QQ": [16, 21, 76.19047619047619], "UCOarpWDzP6dmzKFKhztDByw": [7, 14, 50.0], "UCwlQGTU0AuU-i09_HDTetew": [41, 43, 95.34883720930233], "UC29st7hpURX7Q--ikOqSqdw": [1, 1, 100.0], "UC8UjfkieAKmUv027rB-sYBw": [28, 29, 96.55172413793103], "UCAoL4nstsJoapsNQx6mzW3g": [1, 8, 12.5], "UCVU-o-HBt11RF9weRbKu7xQ": [1, 1, 100.0], "UCGwzx1ATArdYJWo4YNe5-dQ": [2, 2, 100.0], "UCjnEMqgV8z5wBJp2KTct1uQ": [7, 7, 100.0], "UC0aScUpD2eIFPRPbjcbapIg": [1, 1, 100.0], "UCXkLx1Do1pP0FyoXLrTH0hg": [3, 4, 75.0], "UCRH4JfHpyHJnMWrUVxMHztw": [1, 1, 100.0], "UC3lDHw2FaTnBmLFa8H-f_OQ": [1, 1, 100.0], "UCxO7rPjTzquQWLEuESfOl9g": [2, 11, 18.181818181818183], "UCRijo3ddMTht_IHyNSNXpNQ": [46, 47, 97.87234042553192], "UCY8dT43ASQbvvD3-GgEKsmg": [14, 18, 77.77777777777779], "UCm-0lt5i5Zyi-_XMbBapdPQ": [36, 47, 76.59574468085107], "UC4XMd4ydC6NG1F-KotHBBZA": [47, 48, 97.91666666666666], "UCY__JXfCOJbuR-_7Nfsw0Pg": [1, 1, 100.0], "UCLaaIi4Ha4zvfvF8HpZJCfA": [4, 4, 100.0], "UC_j05ldN35EHz2iZk0nbcIQ": [1, 2, 50.0], "UCvm9vVgfhjUpZSJ5WQXVVNw": [8, 14, 57.14285714285714], "UCzdaZgCp4yb9taWVeZ-xjlw": [7, 12, 58.333333333333336], "UCSTMpD0f9Ny09oqVOQD4jsA": [1, 2, 50.0], "UC1EC3wC1AEVg7-GIH_5otNw": [44, 48, 91.66666666666666], "UCbzEl5LIa0kn4SpxrTT9OYQ": [42, 48, 87.5], "UCpiFusB3ka4q1cT8ZIG__Vw": [1, 1, 100.0], "UCc1rK5m2XWjqR3lRDOuRoMA": [6, 8, 75.0], "UCS__18S5Y4edchmgVBa-v2A": [1, 2, 50.0], "UCJT69IHdKi5SsrIOi5CfFVg": [1, 1, 100.0], "UCq-Cx9iqutGXXWgGlrSbKlw": [7, 8, 87.5], "UCROgYe41HA-Fg6JYGoYfY0g": [14, 21, 66.66666666666666], "UCTbVsubDv7GYGonWI8yZ1Qg": [39, 50, 78.0], "UCeBF9nJek-Yvta_4N1VX2vQ": [48, 50, 96.0], "UCj7MRUYIMlAMKY7V2n-MiIQ": [4, 5, 80.0], "UCQY8eScfdTmq2KYW_OaJTOA": [7, 10, 70.0], "UCb_z6F1lb79NS535uFM75OA": [1, 1, 100.0], "UCwLfau6opb68pUH8nj2bsug": [2, 3, 66.66666666666666], "UC-TjSg-FryLJpeWh_LfQISA": [49, 50, 98.0], "UCukW0J7PZVC7wb4jaOJqnjw": [2, 3, 66.66666666666666], "UCS3-0moyOZrMPBt7Lzcm4hw": [1, 2, 50.0], "UCvW-jwey_iD_VR8ds3dfnAQ": [1, 1, 100.0], "UC6qJ7rHKVUJP6c2r73j4gow": [1, 1, 100.0], "UCZvdNECgcn5UzGE8d01FzLw": [1, 1, 100.0], "UCom7mj2prVZhCe3rnh_oU6w": [3, 3, 100.0], "UC2i4zxEDw1XwHFtY4Vlzc-Q": [5, 5, 100.0], "UCc_JjkCl0fWcGUqbjH4y2Cw": [5, 6, 83.33333333333334], "UCgtPET-APEzypSCif306hxw": [2, 3, 66.66666666666666], "UCh22nsxMXmwv3plfopFHqvA": [1, 1, 100.0], "UC_MTE8H-i_spop-Gc9tOCDQ": [38, 48, 79.16666666666666], "UCXjcyZ6Xh2zCXj3Uy9ZuR4g": [48, 50, 96.0], "UCi1U6LN5xrNgEpGhbXx3G8Q": [18, 29, 62.06896551724138], "UCmTXkrOZMDPFNbqKcVBrogA": [1, 1, 100.0], "UCXbM6lVpmnfEigtig_DejaQ": [44, 49, 89.79591836734694], "UC-4ZKgqM_CoyFu83IP7hbhg": [2, 3, 66.66666666666666], "UCYjmZOHABanxsYpr0EXFiNQ": [1, 1, 100.0], "UC_4EQ0XQAf2LQMSjPz2eXTg": [9, 14, 64.28571428571429], "UC7wNtoknsymNMIlPVZnx5zw": [3, 4, 75.0], "UCbozz7rMRwN0938oyHfhsng": [1, 2, 50.0], "UC6R67O-pgg-uCvKgcdZpDBg": [1, 3, 33.33333333333333], "UCEh6Y90uH8eUnmgajjS1Cfg": [5, 12, 41.66666666666667], "UCJRgdU8QeOEh_kWeSacCvUg": [5, 5, 100.0], "UCD_9cphD0gPT097jE35Sinw": [50, 50, 100.0], "UCcz48B3C4jyExayEdWmKJgw": [3, 5, 60.0], "UCw5ZNp6vBUFhqCyGKScEDCQ": [4, 5, 80.0], "UC3du9Mi_BOFnaQ5531J6jIA": [1, 1, 100.0], "UC0jtv7I28bbp6bGvqAgCGxA": [19, 21, 90.47619047619048], "UC6YesFz-e2fE8Gglxsvbflw": [1, 1, 100.0], "UCzeDyEpaEN2D-Krx1jsoMkw": [41, 43, 95.34883720930233], "UCFqanUMpCMh54RmqRFh8hZw": [1, 1, 100.0], "UCkVbMXrd2EXzM9sABcWTjEg": [13, 14, 92.85714285714286]}